{
  "temperature": 1.3419358730316162,
  "thresholds": {
    "HIGH": 0.8,
    "MEDIUM": 0.6
  },
  "metrics": {
    "before_scaling": {
      "accuracy": 0.8178571462631226,
      "nll": 0.6637409925460815
    },
    "after_scaling": {
      "accuracy": 0.8178571462631226,
      "nll": 0.6420210599899292,
      "temperature": 1.3419358730316162
    }
  }
}