{
  "expected_calibration_error": {
    "before_scaling": 0.08154048621654506,
    "after_scaling": 0.08125364407896993,
    "improvement": 0.00028684213757512733
  },
  "calibration_curve": {
    "before_scaling": {
      "bin_confidences": [
        0.0,
        0.0,
        0.27008405327796936,
        0.35206475853919983,
        0.45326757431030273,
        0.5568813681602478,
        0.6564439535140991,
        0.7473065257072449,
        0.8496686220169067,
        0.975775957107544
      ],
      "bin_accuracies": [
        0.0,
        0.0,
        0.0,
        0.4,
        0.5454545454545454,
        0.7916666666666666,
        0.72,
        0.6538461538461539,
        0.7631578947368421,
        0.92
      ],
      "bin_counts": [
        0,
        0,
        1,
        5,
        11,
        24,
        25,
        26,
        38,
        150
      ],
      "n_bins": 10
    },
    "after_scaling": {
      "bin_confidences": [
        0.0,
        0.0,
        0.2730860710144043,
        0.35063639283180237,
        0.45178529620170593,
        0.5411901473999023,
        0.6484448909759521,
        0.7441107034683228,
        0.8606958389282227,
        0.9551820755004883
      ],
      "bin_accuracies": [
        0.0,
        0.0,
        0.0,
        0.5555555555555556,
        0.7272727272727273,
        0.7575757575757576,
        0.5806451612903226,
        0.8387096774193549,
        0.8604651162790697,
        0.9357798165137615
      ],
      "bin_counts": [
        0,
        0,
        2,
        9,
        22,
        33,
        31,
        31,
        43,
        109
      ],
      "n_bins": 10
    }
  },
  "confidence_histogram": {
    "before_scaling": {
      "bin_edges": [
        0.0,
        0.05000000074505806,
        0.10000000149011612,
        0.15000000596046448,
        0.20000000298023224,
        0.25,
        0.30000001192092896,
        0.3499999940395355,
        0.4000000059604645,
        0.44999998807907104,
        0.5,
        0.550000011920929,
        0.6000000238418579,
        0.6499999761581421,
        0.699999988079071,
        0.75,
        0.800000011920929,
        0.8500000238418579,
        0.8999999761581421,
        0.949999988079071,
        1.0
      ],
      "bin_counts": [
        0,
        0,
        0,
        0,
        0,
        1,
        2,
        3,
        4,
        7,
        9,
        15,
        10,
        15,
        13,
        13,
        18,
        20,
        19,
        131
      ],
      "n_bins": 20
    },
    "after_scaling": {
      "bin_edges": [
        0.0,
        0.05000000074505806,
        0.10000000149011612,
        0.15000000596046448,
        0.20000000298023224,
        0.25,
        0.30000001192092896,
        0.3499999940395355,
        0.4000000059604645,
        0.44999998807907104,
        0.5,
        0.550000011920929,
        0.6000000238418579,
        0.6499999761581421,
        0.699999988079071,
        0.75,
        0.800000011920929,
        0.8500000238418579,
        0.8999999761581421,
        0.949999988079071,
        1.0
      ],
      "bin_counts": [
        0,
        0,
        0,
        0,
        0,
        2,
        5,
        4,
        11,
        11,
        23,
        10,
        18,
        13,
        18,
        13,
        14,
        29,
        50,
        59
      ],
      "n_bins": 20
    }
  },
  "temperature": 1.3419358730316162,
  "n_samples": 280
}