Class,Precision,Recall,F1-Score,Support
Aloe Rot,1.0,1.0,1.0,10
Aloe Rust,0.7272727272727273,0.7741935483870968,0.75,31
Anthracnose,0.8409090909090909,0.74,0.7872340425531915,50
Healthy,0.8105263157894737,0.875,0.8415300546448088,88
Leaf Spot,0.6833333333333333,0.82,0.7454545454545455,50
Sunburn,0.7631578947368421,0.5686274509803921,0.651685393258427,51
